{
  "walls": [
    [
      -7,
      -7,
      13,
      1
    ],
    [
      6,
      -7,
      1,
      13
    ],
    [
      -8,
      5,
      14,
      1
    ],
    [
      -8,
      -7,
      1,
      12
    ]
  ],
  "nodes": [],
  "lights": [
    {
      "type": "ColorCycleLight",
      "pos": [
        -37.32870370370347,
        -62.457407407407345
      ],
      "radius": 700,
      "color": [
        255,
        0,
        0
      ],
      "intensity": 1.0,
      "colors": [
        [
          255,
          0,
          0
        ],
        [
          0,
          255,
          0
        ],
        [
          0,
          0,
          255
        ]
      ],
      "falloff": 2.0
    }
  ],
  "areas": []
}